,Estação,Md_temp_max,Md_temp_min,Md_temp,Md_ur_max,Md_ur_min,MD_ur,Md_prec
0,Parque Estadual Chandless-A102,38.91129032258064,38.91129032258064,38.91129032258064,38.91129032258064,38.91129032258064,38.91129032258064,38.91129032258064
1,Rio Branco-A104,0.08400537634408602,0.08400537634408602,0.06720430107526883,0.21841397849462363,0.21841397849462363,12.567204301075268,0.06720430107526883
2,Porto Walter-A136,14.36251920122888,14.36251920122888,14.36251920122888,14.36251920122888,14.36251920122888,14.36251920122888,42.895545314900154
3,Marechal Thaumaturgo-A137,32.0468509984639,32.0468509984639,32.02764976958525,60.59907834101382,60.59907834101382,60.57987711213517,60.59907834101382
4,Feijó-A138,0.0576036866359447,0.0576036866359447,0.0576036866359447,14.343317972350231,14.343317972350231,14.343317972350231,14.343317972350231
5,Epitaciolândia-A140,17.876344086021508,17.876344086021508,17.761136712749618,24.212749615975422,24.212749615975422,23.828725038402457,47.235023041474655
6,Manaus-A101,32.09845430107527,32.09845430107527,31.947244623655912,32.09845430107527,32.09845430107527,31.947244623655912,31.947244623655912
7,Eirunepé-A109,5.241935483870968,5.241935483870968,5.241935483870968,5.275537634408602,5.376344086021505,5.309139784946237,5.241935483870968
8,Boca do Acre-A110,14.532930107526882,14.532930107526882,14.398521505376344,27.03293010752688,27.03293010752688,26.898521505376344,14.398521505376344
9,Lábrea-A111,11.542338709677418,11.542338709677418,11.47513440860215,11.542338709677418,11.542338709677418,11.47513440860215,11.47513440860215
10,Humaitá-A112,24.697580645161292,24.697580645161292,24.697580645161292,24.697580645161292,24.697580645161292,24.697580645161292,24.697580645161292
11,Apui-A113,8.198924731182796,8.198924731182796,7.963709677419355,8.198924731182796,8.198924731182796,7.963709677419355,32.96370967741936
12,Coari-A117,12.533602150537634,12.533602150537634,12.533602150537634,12.533602150537634,12.533602150537634,12.533602150537634,12.533602150537634
13,Manacapuru-A119,2.721774193548387,2.721774193548387,2.721774193548387,2.721774193548387,2.721774193548387,2.721774193548387,2.721774193548387
14,Autazes-A120,17.926747311827956,17.926747311827956,17.825940860215052,17.926747311827956,17.926747311827956,17.825940860215052,17.825940860215052
15,Itacoatiara-A121,1.747311827956989,1.747311827956989,1.663306451612903,1.747311827956989,1.747311827956989,1.663306451612903,1.663306451612903
16,Maués-A122,13.188844086021506,13.188844086021506,13.188844086021506,15.658602150537634,15.658602150537634,15.557795698924732,13.188844086021506
17,Parintins-A123,15.490591397849462,15.490591397849462,15.490591397849462,15.490591397849462,15.490591397849462,15.490591397849462,15.490591397849462
18,Urucará-A124,0.06720430107526883,0.06720430107526883,0.06720430107526883,0.06720430107526883,0.06720430107526883,0.06720430107526883,0.06720430107526883
19,Rio Urubu-A125,4.485887096774194,4.485887096774194,4.26747311827957,4.485887096774194,4.485887096774194,4.26747311827957,4.26747311827957
20,Presidente Figueiredo-A126,3.2426075268817205,3.2426075268817205,2.721774193548387,3.2426075268817205,3.2426075268817205,2.721774193548387,2.721774193548387
21,Barcelos-A128,0.08400537634408602,0.08400537634408602,0.08400537634408602,3.225806451612903,3.225806451612903,3.0913978494623655,12.584005376344088
22,Manicore-A133,0.026881720430107527,0.026881720430107527,0.026881720430107527,0.026881720430107527,0.026881720430107527,0.026881720430107527,0.026881720430107527
23,São Gabriel da Cachoeira-A134,2.82258064516129,2.82258064516129,2.82258064516129,2.82258064516129,2.82258064516129,2.82258064516129,2.82258064516129
24,Oiapoque-A242,7.997311827956989,7.997311827956989,7.997311827956989,10.542674731182796,10.542674731182796,10.534274193548388,7.997311827956989
25,Tartarugalzinho-A243,0.3696236559139785,0.3696236559139785,0.33602150537634407,12.869623655913978,12.869623655913978,12.836021505376344,0.33602150537634407
26,Macapá-A249,0.044802867383512544,0.044802867383512544,0.044802867383512544,0.044802867383512544,0.044802867383512544,0.044802867383512544,0.044802867383512544
27,Belém-A201,3.975903614457831,3.283132530120482,3.6897590361445785,3.283132530120482,3.283132530120482,3.2379518072289155,3.2530120481927707
28,Castanhal-A202,21.948499594484996,21.948499594484996,21.92822384428224,29.14639091646391,29.916869424168695,29.12611516626115,29.480940794809406
29,Medicilandia-A209,0.03360215053763441,0.03360215053763441,0.03360215053763441,0.03360215053763441,0.03360215053763441,0.03360215053763441,0.03360215053763441
30,Pacajá-A210,27.940188172043012,27.940188172043012,25.4872311827957,27.940188172043012,27.940188172043012,25.4872311827957,38.00403225806452
31,Placas-A211,12.852822580645162,12.852822580645162,12.852822580645162,12.852822580645162,12.852822580645162,12.852822580645162,25.336021505376344
32,Paragominas-A212,6.690561529271206,6.690561529271206,6.5710872162485074,6.690561529271206,6.690561529271206,6.5710872162485074,6.5710872162485074
33,Tomé Açu-A213,13.724611708482676,13.724611708482676,13.724611708482676,13.724611708482676,13.724611708482676,13.739545997610513,13.724611708482676
34,Rondon do Pará-A214,10.416666666666668,10.416666666666668,10.39986559139785,10.416666666666668,10.416666666666668,10.39986559139785,35.39986559139785
35,Salinópolis-A215,14.751344086021506,14.751344086021506,14.566532258064516,14.751344086021506,14.751344086021506,14.566532258064516,14.717741935483872
36,Bragança-A226,7.829301075268817,7.829301075268817,7.795698924731183,7.829301075268817,7.829301075268817,7.795698924731183,7.594086021505377
37,Soure-A227,12.584005376344088,12.584005376344088,12.584005376344088,12.584005376344088,12.584005376344088,12.584005376344088,12.584005376344088
38,Tucuruí-A229,0.10080645161290322,0.10080645161290322,0.10080645161290322,5.006720430107527,5.006720430107527,4.905913978494623,0.11760752688172044
39,Serra dos Carajás-A230,18.800403225806452,18.800403225806452,18.598790322580644,18.800403225806452,18.800403225806452,18.598790322580644,26.428091397849464
40,Itaituba-A231,1.7641129032258067,1.7641129032258067,1.7641129032258067,15.1377688172043,15.1377688172043,14.583333333333334,1.7641129032258067
41,Óbidos-A232,25.033602150537636,25.033602150537636,25.033602150537636,25.033602150537636,25.033602150537636,25.033602150537636,25.033602150537636
42,Santana do Araguaia-A233,0.08400537634408602,0.08400537634408602,0.08400537634408602,0.08400537634408602,0.08400537634408602,0.08400537634408602,0.08400537634408602
43,Tucumã-A234,100.0,100.0,100.0,100.0,100.0,100.0,100.0
44,Novo Repartimento-A235,12.550403225806454,12.550403225806454,12.550403225806454,12.550403225806454,12.550403225806454,12.550403225806454,25.067204301075268
45,Cametá-A236,34.29099462365591,34.29099462365591,34.29099462365591,34.29099462365591,34.29099462365591,34.29099462365591,46.79099462365591
46,Monte Alegre-A239,25.0,25.0,25.0,25.0,25.0,25.0,25.0
47,Marabá-A240,0.07680491551459294,0.07680491551459294,0.0576036866359447,0.07680491551459294,0.07680491551459294,0.0576036866359447,18.855606758832565
48,Conceição do Araguaia-A241,16.196236559139784,16.196236559139784,16.145833333333336,16.196236559139784,16.196236559139784,16.145833333333336,28.645833333333332
49,Mina Palito-A246,16.689068100358423,16.689068100358423,16.689068100358423,16.689068100358423,16.689068100358423,16.689068100358423,16.689068100358423
50,Capitão Poço-A248,37.1505376344086,37.1505376344086,36.774193548387096,37.1505376344086,37.1505376344086,36.774193548387096,36.774193548387096
51,Santarém-A250,0.0,0.0,0.0,0.0,0.0,0.0,0.0
52,Porto Velho-A925,23.402031063321385,23.402031063321385,23.387096774193548,23.402031063321385,23.402031063321385,23.387096774193548,23.387096774193548
53,Vilhena-A938,2.6713709677419355,2.6713709677419355,2.6713709677419355,2.6713709677419355,2.6713709677419355,2.6713709677419355,2.6713709677419355
54,Cacoal-A939,0.823252688172043,0.823252688172043,0.823252688172043,0.823252688172043,0.823252688172043,0.823252688172043,0.823252688172043
55,Ariquemes-A940,18.2627688172043,18.2627688172043,18.212365591397848,18.2627688172043,18.2627688172043,18.212365591397848,18.212365591397848
56,Boa Vista-A135,0.022401433691756272,0.022401433691756272,0.022401433691756272,0.022401433691756272,0.022401433691756272,0.022401433691756272,0.022401433691756272
57,Palmas-A009,12.152777777777777,12.152777777777777,12.051971326164875,12.152777777777777,12.152777777777777,12.051971326164875,12.051971326164875
58,Paranã-A010,1.7839687194525906,1.7839687194525906,1.722873900293255,1.3318670576735092,1.3318670576735092,1.3318670576735092,1.3318670576735092
59,Peixe-A018,10.053763440860216,10.053763440860216,10.053763440860216,10.053763440860216,10.053763440860216,10.053763440860216,10.053763440860216
60,Gurupi-A019,11.612903225806452,11.612903225806452,11.586021505376344,11.612903225806452,11.612903225806452,11.586021505376344,11.586021505376344
61,Pedro Afonso-A020,0.3616898148148148,0.3616898148148148,0.3616898148148148,0.3616898148148148,0.3761574074074074,0.3616898148148148,0.3616898148148148
62,Araguaina-A021,14.166666666666666,14.166666666666666,13.88888888888889,14.166666666666666,14.166666666666666,13.88888888888889,13.88888888888889
63,Dianópolis-A038,2.8561827956989245,2.8561827956989245,2.721774193548387,2.8561827956989245,2.8561827956989245,2.721774193548387,2.721774193548387
64,Formoso do Araguaia-A039,15.87701612903226,15.87701612903226,15.87701612903226,15.87701612903226,15.87701612903226,15.87701612903226,53.37701612903226
65,Mateiros-A040,29.368279569892476,29.368279569892476,29.368279569892476,29.368279569892476,29.368279569892476,29.368279569892476,49.05913978494624
66,Marianópolis do Tocantins-A041,22.412634408602152,22.412634408602152,22.379032258064516,22.412634408602152,22.412634408602152,22.379032258064516,22.379032258064516
67,Campos Lindos-A043,3.864247311827957,3.864247311827957,3.662634408602151,3.864247311827957,3.864247311827957,3.662634408602151,3.662634408602151
68,Araguatins-A044,19.431643625192013,19.431643625192013,19.33563748079877,19.431643625192013,19.431643625192013,19.35483870967742,19.297235023041477
69,Santa Rosa do Tocantins-A052,0.0,0.0,0.0,0.0,0.0,0.0,0.0
70,Araguaçu-A054,0.0,0.0,0.0,0.0,0.0,0.0,0.0
71,Brasília-A001,3.704637096774194,3.704637096774194,3.267809139784946,3.704637096774194,3.704637096774194,3.267809139784946,3.293010752688172
72,Águas Emendadas-A045,1.1088709677419355,1.1088709677419355,1.0752688172043012,1.1088709677419355,1.1088709677419355,1.0752688172043012,1.0752688172043012
73,Gama (Ponte Alta)-A046,1.478494623655914,1.478494623655914,1.478494623655914,1.478494623655914,1.478494623655914,1.478494623655914,1.478494623655914
74,Goiânia-A002,6.737231182795698,6.854838709677419,6.770833333333333,6.602822580645161,6.602822580645161,6.580421146953405,6.31160394265233
75,Morrinhos-A003,26.29032258064516,26.29032258064516,26.13799283154122,29.516129032258064,29.516129032258064,29.130824372759857,26.13799283154122
76,Niquelândia-A004,17.724014336917563,17.724014336917563,17.580645161290324,17.724014336917563,17.724014336917563,17.589605734767026,21.17383512544803
77,São Simão-A011,1.3172043010752688,1.3172043010752688,1.2903225806451613,1.3172043010752688,1.3172043010752688,1.2903225806451613,20.13440860215054
78,Luziânia-A012,1.9220430107526882,1.9220430107526882,1.9086021505376343,1.9220430107526882,1.9220430107526882,1.9086021505376343,1.9086021505376343
79,Aragarças-A013,10.468936678614098,10.468936678614098,10.289725209080046,10.468936678614098,10.468936678614098,10.289725209080046,14.919354838709678
80,Goiás-A014,0.32855436081242534,0.31362007168458783,0.31362007168458783,0.31362007168458783,0.31362007168458783,0.31362007168458783,11.424731182795698
81,Itapaci-A015,0.05973715651135006,0.05973715651135006,0.044802867383512544,0.05973715651135006,0.05973715651135006,0.044802867383512544,19.982078853046595
82,Jataí-A016,0.25388291517323774,0.25388291517323774,0.25388291517323774,0.25388291517323774,0.25388291517323774,0.25388291517323774,0.25388291517323774
83,Posse-A017,0.05973715651135006,0.05973715651135006,0.05973715651135006,0.05973715651135006,0.05973715651135006,0.05973715651135006,22.281959378733575
84,Goianésia-A022,0.8064516129032258,0.8064516129032258,0.7765830346475507,0.8064516129032258,0.8064516129032258,0.7765830346475507,0.7765830346475507
85,Caiapônia-A023,1.821983273596177,1.821983273596177,1.747311827956989,1.821983273596177,1.821983273596177,1.747311827956989,1.747311827956989
86,Alto Paraíso de Goiás-A024,6.466547192353644,6.466547192353644,6.406810035842294,6.466547192353644,6.466547192353644,6.406810035842294,17.517921146953405
87,Rio Verde-A025,5.316606929510155,5.316606929510155,4.958183990442055,5.316606929510155,5.316606929510155,4.958183990442055,16.069295101553166
88,Paraúna-A027,10.668682795698924,10.668682795698924,10.416666666666668,10.668682795698924,10.668682795698924,10.416666666666668,10.416666666666668
89,Iporá-A028,0.044802867383512544,0.044802867383512544,0.044802867383512544,0.044802867383512544,0.044802867383512544,0.044802867383512544,0.044802867383512544
90,Monte Alegre de Goiás-A032,0.05973715651135006,0.05973715651135006,0.05973715651135006,0.05973715651135006,0.05973715651135006,0.05973715651135006,0.05973715651135006
91,Pires do Rio-A033,0.05973715651135006,0.05973715651135006,0.05973715651135006,0.05973715651135006,0.05973715651135006,0.05973715651135006,0.05973715651135006
92,Catalão-A034,6.291834002677376,6.291834002677376,6.2751004016064265,6.994645247657296,6.994645247657296,6.844042838018742,6.2751004016064265
93,Itumbiara-A035,0.35842293906810035,0.35842293906810035,0.35842293906810035,0.35842293906810035,0.35842293906810035,0.35842293906810035,11.469534050179211
94,Cristalina-A036,0.07467144563918758,0.07467144563918758,0.07467144563918758,0.07467144563918758,0.07467144563918758,0.07467144563918758,0.1045400238948626
95,Silvânia-A037,0.022401433691756272,0.022401433691756272,0.022401433691756272,0.022401433691756272,0.022401433691756272,0.022401433691756272,0.022401433691756272
96,Campo Grande-A702,5.268817204301075,5.268817204301075,5.250896057347671,5.268817204301075,5.268817204301075,5.250896057347671,5.259856630824373
97,Ponta Porã-A703,16.38888888888889,16.38888888888889,16.38888888888889,16.38888888888889,16.38888888888889,16.38888888888889,16.397849462365592
98,Três Lagoas-A704,13.772401433691755,13.772401433691755,13.763440860215054,13.772401433691755,13.78136200716846,13.763440860215054,13.772401433691755
99,Ivinhema-A709,24.079818031430936,24.079818031430936,24.059139784946236,24.079818031430936,24.079818031430936,24.059139784946236,31.586021505376344
100,Paranaíba-A710,25.08064516129032,25.08064516129032,25.08064516129032,31.344086021505372,31.344086021505372,31.155913978494628,25.08064516129032
101,Nhumirim-A717,17.620967741935484,17.620967741935484,17.620967741935484,17.620967741935484,17.620967741935484,17.620967741935484,17.620967741935484
102,Aquidauana-A719,1.411290322580645,1.411290322580645,1.411290322580645,1.5053763440860215,1.5053763440860215,1.5188172043010753,1.411290322580645
103,Coxim-A720,0.04032258064516129,0.04032258064516129,0.04032258064516129,9.059139784946236,9.059139784946236,8.884408602150536,0.04032258064516129
104,Dourados-A721,3.3736559139784945,3.3736559139784945,3.3736559139784945,3.3736559139784945,3.3736559139784945,3.3736559139784945,13.373655913978494
105,Miranda-A722,3.6290322580645165,3.6290322580645165,3.6290322580645165,3.6290322580645165,3.6290322580645165,3.6290322580645165,3.6290322580645165
106,Porto Murtinho-A723,27.056451612903228,27.056451612903228,26.989247311827956,27.056451612903228,27.056451612903228,26.989247311827956,26.989247311827956
107,Corumbá-A724,4.67741935483871,4.67741935483871,4.56989247311828,4.67741935483871,4.67741935483871,4.56989247311828,4.56989247311828
108,Chapadão do Sul-A730,7.782258064516129,7.782258064516129,7.782258064516129,7.782258064516129,7.782258064516129,7.782258064516129,7.782258064516129
109,Maracaju-A731,10.21505376344086,10.21505376344086,10.174731182795698,11.236559139784946,11.236559139784946,11.155913978494624,10.174731182795698
110,São Gabriel do Oeste-A732,8.85752688172043,8.85752688172043,8.830645161290322,9.46236559139785,11.061827956989246,10.53763440860215,38.48118279569893
111,Cassilândia-A742,14.684139784946238,14.684139784946238,14.684139784946238,14.684139784946238,14.684139784946238,14.684139784946238,14.684139784946238
112,Rio Brilhante-A743,9.660618279569892,9.660618279569892,9.55981182795699,9.660618279569892,9.660618279569892,9.55981182795699,9.55981182795699
113,Juti-A749,0.08400537634408602,0.08400537634408602,0.08400537634408602,0.08400537634408602,0.08400537634408602,0.08400537634408602,12.584005376344088
114,Amambaí-A750,17.55712365591398,17.55712365591398,17.55712365591398,17.55712365591398,17.55712365591398,17.55712365591398,17.55712365591398
115,Sete Quedas-A751,1.8313172043010755,1.8313172043010755,1.8313172043010755,1.8313172043010755,1.8313172043010755,1.8313172043010755,1.8313172043010755
116,Itaquiraí-A752,25.789650537634408,25.95766129032258,25.789650537634408,13.323252688172044,13.323252688172044,13.323252688172044,13.323252688172044
117,Sidrolândia-A754,0.06720430107526883,0.06720430107526883,0.06720430107526883,0.06720430107526883,0.06720430107526883,0.06720430107526883,25.067204301075268
118,Água Clara-A756,0.022401433691756272,0.022401433691756272,0.022401433691756272,0.022401433691756272,0.022401433691756272,0.022401433691756272,33.35573476702509
119,Bela Vista-A757,0.053763440860215055,0.053763440860215055,0.053763440860215055,5.64516129032258,5.64516129032258,5.21505376344086,20.026881720430108
120,Jardim-A758,0.16129032258064516,0.16129032258064516,0.16129032258064516,0.16129032258064516,0.16129032258064516,0.16129032258064516,0.16129032258064516
121,Bataguassu-A759,30.913978494623656,30.913978494623656,30.913978494623656,31.899641577060933,31.899641577060933,31.85483870967742,30.913978494623656
122,Costa Rica-A760,0.06720430107526883,0.06720430107526883,0.06720430107526883,0.06720430107526883,0.06720430107526883,0.06720430107526883,0.06720430107526883
123,Sonora-A761,0.10080645161290322,0.10080645161290322,0.10080645161290322,0.10080645161290322,0.10080645161290322,0.10080645161290322,0.10080645161290322
124,Cuiabá-A901,8.81336405529954,8.81336405529954,8.803763440860216,8.81336405529954,8.81336405529954,8.803763440860216,11.952764976958525
125,Tangará da Serra-A902,34.418202764976954,34.418202764976954,34.418202764976954,34.418202764976954,34.418202764976954,34.418202764976954,34.418202764976954
126,São José do Rio Claro-A903,21.7535153019024,21.7535153019024,21.74317617866005,34.35690653432589,34.35690653432589,34.37758478081059,21.74317617866005
127,Sorriso-A904,10.906298003072196,10.906298003072196,10.906298003072196,10.906298003072196,10.906298003072196,10.906298003072196,28.965053763440864
128,Campo Novo dos Parecis-A905,22.359831029185866,22.359831029185866,22.350230414746544,22.359831029185866,22.359831029185866,22.350230414746544,26.142473118279568
129,Guarantã do Norte-A906,27.05453149001536,27.05453149001536,26.843317972350228,27.05453149001536,27.05453149001536,26.843317972350228,30.635560675883255
130,Rondonópolis-A907,7.878411910669975,7.878411910669975,7.878411910669975,7.878411910669975,7.878411910669975,7.878411910669975,15.570719602977668
131,Água Boa-A908,9.274193548387096,9.274193548387096,9.274193548387096,9.274193548387096,9.274193548387096,9.274193548387096,10.120967741935484
132,Alto Araguaia-A909,0.026881720430107527,0.026881720430107527,0.026881720430107527,0.026881720430107527,0.026881720430107527,0.026881720430107527,0.026881720430107527
133,Apiacás-A910,30.819892473118284,30.819892473118284,30.591397849462364,30.819892473118284,30.819892473118284,30.591397849462364,30.591397849462364
134,Campo Verde-A912,1.196236559139785,1.196236559139785,1.14247311827957,1.196236559139785,1.196236559139785,1.14247311827957,1.14247311827957
135,Comodoro-A913,11.586021505376344,11.53225806451613,11.518817204301076,11.612903225806452,11.626344086021504,11.612903225806452,1.6666666666666667
136,Juara-A914,13.723118279569894,13.723118279569894,13.682795698924732,23.400537634408604,23.588709677419356,23.49462365591398,13.776881720430106
137,Paranatinga-A915,28.776881720430108,28.776881720430108,28.776881720430108,28.776881720430108,28.776881720430108,28.776881720430108,30.0
138,Querência-A916,2.3894862604540026,2.3894862604540026,2.3894862604540026,2.3894862604540026,2.3894862604540026,2.3894862604540026,2.3894862604540026
139,Sinop-A917,14.448924731182796,14.448924731182796,14.448924731182796,14.448924731182796,14.448924731182796,14.448924731182796,14.448924731182796
140,Confresa-A918,0.05040322580645161,0.05040322580645161,0.05040322580645161,0.05040322580645161,0.05040322580645161,0.05040322580645161,0.05040322580645161
141,Cotriguaçu-A919,25.76164874551971,25.76164874551971,25.52270011947431,25.910991636798087,25.910991636798087,25.672043010752688,25.52270011947431
142,Juína-A920,17.88978494623656,17.88978494623656,17.836021505376344,20.309139784946236,20.309139784946236,19.986559139784944,17.836021505376344
143,São Félix do Araguaia-A921,29.898446833930702,29.898446833930702,29.898446833930702,30.22700119474313,30.510752688172044,30.436081242532854,29.898446833930702
144,Vila Bela da Santíssima Trindade-A922,24.04569892473118,24.04569892473118,24.018817204301072,24.04569892473118,24.04569892473118,24.018817204301072,24.018817204301072
145,Alta Floresta-A924,18.63799283154122,18.63799283154122,18.234767025089607,18.63799283154122,18.63799283154122,18.234767025089607,29.316009557945044
146,Carlinda-A926,6.972446236559139,6.972446236559139,6.972446236559139,6.972446236559139,6.972446236559139,6.972446236559139,6.972446236559139
147,Novo Mundo-A927,25.05040322580645,25.05040322580645,25.05040322580645,25.05040322580645,25.05040322580645,25.05040322580645,25.05040322580645
148,Nova Maringá-A928,0.21841397849462363,0.08400537634408602,0.10080645161290322,0.06720430107526883,0.06720430107526883,0.06720430107526883,0.06720430107526883
149,Nova Ubiratã-A929,23.000672043010752,23.000672043010752,22.916666666666664,23.000672043010752,23.000672043010752,22.916666666666664,22.916666666666664
150,Gaucha do Norte-A930,4.166666666666666,4.166666666666666,4.116263440860215,4.166666666666666,4.166666666666666,4.116263440860215,29.116263440860212
151,Santo Antônio do Leste-A931,0.06720430107526883,0.06720430107526883,0.06720430107526883,0.06720430107526883,0.06720430107526883,0.06720430107526883,0.06720430107526883
152,Guiratinga-A932,5.078125,5.078125,4.98046875,5.078125,5.078125,4.98046875,4.98046875
153,Itiquira-A933,0.06720430107526883,0.06720430107526883,0.06720430107526883,0.06720430107526883,0.06720430107526883,0.06720430107526883,12.567204301075268
154,Alto Taquari-A934,0.647410358565737,0.647410358565737,0.647410358565737,0.647410358565737,0.647410358565737,0.647410358565737,12.998007968127489
155,Porto Estrela-A935,32.594086021505376,32.594086021505376,32.49327956989247,32.594086021505376,32.594086021505376,32.49327956989247,44.99327956989247
156,Salto do Céu-A936,1.806640625,1.806640625,1.806640625,2.506510416666667,2.506510416666667,2.425130208333333,13.916015625
157,Pontes e Lacerda-A937,2.14190093708166,2.14190093708166,1.9243641231593038,2.14190093708166,2.14190093708166,1.9243641231593038,14.374163319946454
158,Cáceres-A941,0.03360215053763441,0.03360215053763441,0.03360215053763441,0.03360215053763441,0.03360215053763441,0.03360215053763441,0.03360215053763441
159,Porto Alegre-A801,3.5870295698924735,3.5870295698924735,3.4274193548387095,3.5870295698924735,3.595430107526882,3.4274193548387095,3.4442204301075265
160,Rio Grande-A802,13.243727598566307,13.243727598566307,13.207885304659497,22.410394265232974,22.410394265232974,22.365591397849464,13.216845878136201
161,Santa Maria-A803,0.8512544802867384,0.8512544802867384,0.8243727598566308,0.878136200716846,0.8870967741935484,0.8512544802867384,0.8243727598566308
162,Santana do Livramento-A804,100.0,100.0,100.0,100.0,100.0,100.0,100.0
163,Santo Augusto-A805,22.903225806451612,22.903225806451612,22.903225806451612,22.903225806451612,22.903225806451612,22.903225806451612,22.903225806451612
164,Torres-A808,0.04032258064516129,0.04032258064516129,0.04032258064516129,9.865591397849464,10.040322580645162,10.026881720430108,0.04032258064516129
165,Uruguaiana-A809,0.06720430107526883,0.06720430107526883,0.06720430107526883,0.06720430107526883,0.06720430107526883,0.06720430107526883,0.06720430107526883
166,Santa Rosa-A810,4.489247311827957,4.489247311827957,4.408602150537634,4.489247311827957,4.489247311827957,4.408602150537634,4.408602150537634
167,Canguçu-A811,8.420441347270616,8.420441347270616,8.405923344947736,8.652729384436702,8.652729384436702,8.667247386759582,8.405923344947736
168,Caçapava do Sul-A812,0.6586021505376344,0.6586021505376344,0.6586021505376344,0.6586021505376344,0.6586021505376344,0.6586021505376344,0.6586021505376344
169,Rio Pardo-A813,3.938172043010753,3.938172043010753,3.8037634408602155,3.938172043010753,3.938172043010753,3.8037634408602155,3.8037634408602155
170,Alegrete-A826,10.376344086021504,10.376344086021504,10.376344086021504,10.376344086021504,10.376344086021504,10.376344086021504,10.376344086021504
171,Bagé-A827,0.36644951140065146,0.36644951140065146,0.36644951140065146,0.36644951140065146,0.36644951140065146,0.36644951140065146,0.36644951140065146
172,Erechim-A828,0.16129032258064516,0.16129032258064516,0.16129032258064516,0.16129032258064516,0.16129032258064516,0.16129032258064516,10.161290322580644
173,São José dos Ausentes-A829,10.161290322580644,10.161290322580644,10.161290322580644,10.161290322580644,10.161290322580644,10.161290322580644,10.161290322580644
174,São Borja-A830,0.05973715651135006,0.05973715651135006,0.05973715651135006,0.05973715651135006,0.05973715651135006,0.05973715651135006,0.05973715651135006
175,Quaraí-A831,0.044802867383512544,0.044802867383512544,0.044802867383512544,0.044802867383512544,0.044802867383512544,0.044802867383512544,0.044802867383512544
176,São Gabriel-A832,0.044802867383512544,0.044802867383512544,0.044802867383512544,0.044802867383512544,0.044802867383512544,0.044802867383512544,0.044802867383512544
177,Santiago-A833,0.0576036866359447,0.0576036866359447,0.0576036866359447,0.0576036866359447,0.0576036866359447,0.0576036866359447,0.0576036866359447
178,Tramandaí-A834,0.08400537634408602,0.08400537634408602,0.08400537634408602,0.08400537634408602,0.08400537634408602,0.08400537634408602,0.08400537634408602
179,Jaguarão-A836,1.2555187637969094,1.2555187637969094,1.2555187637969094,1.2555187637969094,1.2555187637969094,1.2555187637969094,1.2555187637969094
180,Soledade-A837,6.283602150537634,6.283602150537634,6.25,6.283602150537634,6.283602150537634,6.25,6.25
181,Camaquã-A838,2.1774193548387095,2.1774193548387095,1.8951612903225805,2.1774193548387095,2.1774193548387095,1.8951612903225805,1.8951612903225805
182,Passo Fundo-A839,0.06720430107526883,0.06720430107526883,0.06720430107526883,0.06720430107526883,0.06720430107526883,0.06720430107526883,0.06720430107526883
183,Bento Gonçalves-A840,0.5510752688172043,0.5510752688172043,0.5510752688172043,0.5510752688172043,0.5510752688172043,0.5510752688172043,0.5510752688172043
184,Lagoa Vemelha-A844,0.6421744324970131,0.6421744324970131,0.6421744324970131,0.6421744324970131,0.6421744324970131,0.6421744324970131,0.6421744324970131
185,São Luiz Gonzaga-A852,0.05973715651135006,0.05973715651135006,0.05973715651135006,0.05973715651135006,0.05973715651135006,0.05973715651135006,0.05973715651135006
186,Cruz Alta-A853,0.05973715651135006,0.05973715651135006,0.05973715651135006,0.05973715651135006,0.05973715651135006,0.05973715651135006,0.05973715651135006
187,Frederico Westphalen-A854,0.05973715651135006,0.05973715651135006,0.05973715651135006,0.05973715651135006,0.05973715651135006,0.05973715651135006,0.05973715651135006
188,Palmeira das Missões-A856,0.20161290322580644,0.20161290322580644,0.20161290322580644,0.20161290322580644,0.20161290322580644,0.20161290322580644,0.20161290322580644
189,Mostardas-A878,7.493279569892473,7.493279569892473,7.493279569892473,21.471774193548388,30.678763440860212,28.59543010752688,7.493279569892473
190,Canela-A879,0.10080645161290322,0.10080645161290322,0.10080645161290322,0.10080645161290322,0.10080645161290322,0.10080645161290322,0.10080645161290322
191,Vacaria-A880,4.469086021505377,4.469086021505377,4.301075268817205,4.469086021505377,4.469086021505377,4.317876344086022,4.301075268817205
192,Dom Pedrito-A881,0.022401433691756272,0.022401433691756272,0.022401433691756272,0.022401433691756272,0.022401433691756272,0.022401433691756272,0.022401433691756272
193,Teutônia-A882,21.001344086021508,21.001344086021508,21.001344086021508,21.001344086021508,21.001344086021508,21.001344086021508,46.001344086021504
194,Ibirubá-A883,0.06720430107526883,0.06720430107526883,0.06720430107526883,0.06720430107526883,0.06720430107526883,0.06720430107526883,0.06720430107526883
195,Campo Bom-A884,0.044802867383512544,0.044802867383512544,0.044802867383512544,0.044802867383512544,0.044802867383512544,0.044802867383512544,0.044802867383512544
196,Santa Vitória do Palmar (Barra do Chuí)-A899,1.2600806451612903,1.2600806451612903,1.2600806451612903,6.233198924731183,7.8125,7.661290322580645,1.2600806451612903
197,Florianópolis-São José-A806,10.108958837772397,10.108958837772397,9.987893462469733,10.108958837772397,10.108958837772397,9.987893462469733,9.987893462469733
198,Urussanga-A814,1.8145161290322582,1.8145161290322582,1.8145161290322582,1.8145161290322582,1.8145161290322582,1.8145161290322582,1.8145161290322582
199,São Joaquim-A815,0.06720430107526883,0.06720430107526883,0.05040322580645161,0.06720430107526883,0.06720430107526883,0.05040322580645161,0.05040322580645161
200,Novo Horizonte-A816,2.486559139784946,2.486559139784946,2.486559139784946,2.486559139784946,2.486559139784946,2.486559139784946,14.885752688172044
201,Indaial-A817,0.08064516129032258,0.08064516129032258,0.08064516129032258,0.08064516129032258,0.08064516129032258,0.08064516129032258,0.08064516129032258
202,Joaçaba-A841,0.05973715651135006,0.05973715651135006,0.05973715651135006,0.05973715651135006,0.05973715651135006,0.05973715651135006,0.05973715651135006
203,Morro da Igreja (Bom Jardim da Serra)-A845,0.05973715651135006,0.05973715651135006,10.349462365591398,0.05973715651135006,0.08960573476702509,0.07467144563918758,22.281959378733575
204,Dionísio Cerqueira-A848,5.863575268817205,5.863575268817205,5.863575268817205,5.863575268817205,5.863575268817205,5.863575268817205,5.863575268817205
205,Itapoá-A851,0.07467144563918758,0.07467144563918758,0.07467144563918758,0.07467144563918758,0.07467144563918758,0.07467144563918758,0.07467144563918758
206,São Miguel do Oeste-A857,2.7553763440860215,2.7553763440860215,2.721774193548387,2.82258064516129,2.82258064516129,2.788978494623656,2.721774193548387
207,Xanxerê-A858,0.08400537634408602,0.08400537634408602,0.08400537634408602,0.08400537634408602,0.08400537634408602,0.08400537634408602,0.08400537634408602
208,Caçador-A859,0.08400537634408602,0.08400537634408602,0.08400537634408602,0.08400537634408602,0.08400537634408602,0.08400537634408602,12.584005376344088
209,Curitibanos-A860,0.05040322580645161,0.05040322580645161,0.05040322580645161,0.05040322580645161,0.05040322580645161,0.05040322580645161,12.550403225806454
210,Rio do Campo-A861,8.921370967741936,8.921370967741936,8.921370967741936,6.955645161290322,6.955645161290322,6.653225806451612,6.653225806451612
211,Rio Negrinho-A862,1.9993279569892473,1.9993279569892473,1.9993279569892473,1.9993279569892473,1.9993279569892473,1.9993279569892473,1.9993279569892473
212,Ituporanga-A863,0.08400537634408602,0.08400537634408602,0.08400537634408602,0.08400537634408602,0.08400537634408602,0.08400537634408602,0.08400537634408602
213,Major Vieira-A864,14.304915514592933,14.304915514592933,14.304915514592933,14.304915514592933,14.304915514592933,14.304915514592933,42.876344086021504
214,Lages-A865,0.33602150537634407,0.33602150537634407,0.33602150537634407,0.33602150537634407,0.33602150537634407,0.33602150537634407,0.33602150537634407
215,Laguna (Farol Santa Marta)-A866,19.321236559139784,19.321236559139784,19.186827956989248,19.321236559139784,19.321236559139784,19.186827956989248,18.783602150537636
216,Araranguá-A867,12.38239247311828,12.38239247311828,12.331989247311828,17.321908602150536,17.321908602150536,17.053091397849464,12.567204301075268
217,Itajaí-A868,0.0,0.0,0.0,6.07078853046595,6.07078853046595,5.64516129032258,0.0
218,Curitiba-A807,28.47051597051597,28.47051597051597,28.347665847665848,29.924242424242426,29.924242424242426,29.77067977067977,28.347665847665848
219,Ivaí-A818,0.06720430107526883,0.06720430107526883,0.06720430107526883,1.25,1.25,1.1827956989247312,0.06720430107526883
220,Castro-A819,9.516129032258064,9.516129032258064,9.435483870967742,9.516129032258064,9.516129032258064,9.435483870967742,20.107526881720432
221,Marechal Cândido Rondon-A820,13.333333333333334,13.333333333333334,13.266129032258064,13.333333333333334,13.333333333333334,13.266129032258064,13.266129032258064
222,Joaquim Távora-A821,1.6935483870967745,1.6935483870967745,1.6935483870967745,1.6935483870967745,1.6935483870967745,1.6935483870967745,1.6935483870967745
223,Nova Tebas-A822,18.346774193548388,18.346774193548388,18.346774193548388,18.346774193548388,18.346774193548388,18.346774193548388,28.346774193548384
224,Inácio Martins-A823,4.475806451612904,4.475806451612904,4.475806451612904,4.475806451612904,4.475806451612904,4.475806451612904,4.475806451612904
225,Icaraíma-A824,10.10752688172043,10.10752688172043,10.06720430107527,10.10752688172043,10.10752688172043,10.06720430107527,10.06720430107527
226,Maringá-A835,12.876344086021504,12.876344086021504,12.8494623655914,14.475806451612902,14.475806451612902,14.31451612903226,12.8494623655914
227,Nova Fátima-A842,7.093787335722819,7.093787335722819,6.959378733572281,7.093787335722819,7.093787335722819,6.959378733572281,6.959378733572281
228,Dois Vizinhos-A843,10.722819593787335,10.722819593787335,10.678016726403824,10.722819593787335,10.722819593787335,10.678016726403824,10.678016726403824
229,Foz do Iguaçu-A846,13.659274193548388,13.659274193548388,13.407258064516128,13.659274193548388,13.659274193548388,13.407258064516128,25.90725806451613
230,Ilha do Mel-A847,0.2090800477897252,0.2090800477897252,0.2090800477897252,17.90621266427718,22.371565113500598,22.028076463560335,0.2090800477897252
231,Diamante do Norte-A849,20.950940860215052,20.950940860215052,20.766129032258064,20.950940860215052,20.950940860215052,20.766129032258064,33.266129032258064
232,Paranapoema-A850,18.27956989247312,18.27956989247312,18.077956989247312,18.27956989247312,18.27956989247312,18.077956989247312,18.077956989247312
233,Planalto-A855,17.697132616487455,17.697132616487455,17.547789725209082,17.697132616487455,17.697132616487455,17.547789725209082,28.643966547192353
234,Cidade Gaúcha-A869,14.180107526881722,14.180107526881722,14.180107526881722,14.180107526881722,14.180107526881722,14.180107526881722,14.180107526881722
235,Japira-A871,0.06720430107526883,0.06720430107526883,0.06720430107526883,0.06720430107526883,0.33602150537634407,0.13440860215053765,0.06720430107526883
236,Ventania-A872,0.026881720430107527,0.026881720430107527,0.026881720430107527,0.026881720430107527,0.026881720430107527,0.026881720430107527,0.026881720430107527
237,Morretes-A873,0.11760752688172044,0.11760752688172044,0.11760752688172044,0.11760752688172044,0.11760752688172044,0.11760752688172044,12.617607526881722
238,São Mateus do Sul-A874,0.026881720430107527,0.026881720430107527,0.026881720430107527,0.026881720430107527,0.026881720430107527,0.026881720430107527,0.026881720430107527
239,General Carneiro-A875,3.393817204301075,3.393817204301075,3.393817204301075,3.393817204301075,3.393817204301075,3.393817204301075,3.393817204301075
240,Clevelândia-A876,0.08400537634408602,0.08400537634408602,0.08400537634408602,0.08400537634408602,0.08400537634408602,0.08400537634408602,0.08400537634408602
241,Vitória-A612,0.06720430107526883,0.06720430107526883,0.06720430107526883,0.06720430107526883,0.06720430107526883,0.06720430107526883,0.06720430107526883
242,Santa Teresa-A613,1.2694145758661888,1.2694145758661888,1.2246117084826762,1.2694145758661888,1.2694145758661888,1.2246117084826762,1.2246117084826762
243,Linhares-A614,0.06720430107526883,0.06720430107526883,0.06720430107526883,0.06720430107526883,0.06720430107526883,0.06720430107526883,0.06720430107526883
244,Alfredo Chaves-A615,1.5860215053763442,1.5860215053763442,1.5860215053763442,1.5860215053763442,1.5860215053763442,1.5860215053763442,1.5860215053763442
245,São Mateus-A616,0.06720430107526883,0.06720430107526883,0.06720430107526883,0.06720430107526883,0.06720430107526883,0.06720430107526883,0.06720430107526883
246,Alegre-A617,0.053763440860215055,0.053763440860215055,0.053763440860215055,0.053763440860215055,0.053763440860215055,0.053763440860215055,0.053763440860215055
247,Presidente Kennedy-A622,20.900537634408604,20.900537634408604,20.648521505376344,23.991935483870968,23.991935483870968,23.571908602150536,20.648521505376344
248,Nova Venécia-A623,0.05040322580645161,0.05040322580645161,0.05040322580645161,0.05040322580645161,0.05040322580645161,0.05040322580645161,12.550403225806454
249,Afonso Cláudio-A657,0.026881720430107527,0.026881720430107527,0.026881720430107527,1.2096774193548387,1.2096774193548387,1.1021505376344085,0.026881720430107527
250,Barbacena-A502,7.2196620583717355,7.2196620583717355,7.2196620583717355,7.2196620583717355,7.22926267281106,7.2196620583717355,7.2196620583717355
251,Araxá-A505,8.429339477726575,8.429339477726575,8.429339477726575,7.738095238095238,7.738095238095238,7.738095238095238,11.52073732718894
252,Montes Claros-A506,17.482718894009217,17.482718894009217,17.482718894009217,17.482718894009217,17.482718894009217,17.482718894009217,17.482718894009217
253,Uberlândia-A507,13.5752688172043,13.5752688172043,13.52726574500768,13.5752688172043,13.5752688172043,13.52726574500768,13.52726574500768
254,Almenara-A508,7.786098310291859,7.786098310291859,7.786098310291859,7.786098310291859,7.786098310291859,7.786098310291859,7.8821044546851
255,Monte Verde-A509,0.056003584229390675,0.056003584229390675,0.056003584229390675,0.056003584229390675,0.056003584229390675,0.056003584229390675,4.56989247311828
256,Viçosa-A510,6.610459433040078,6.610459433040078,6.598240469208211,9.017595307917889,9.017595307917889,9.029814271749755,7.06256109481916
257,Timóteo-A511,27.473118279569892,27.473118279569892,27.473118279569892,27.473118279569892,27.473118279569892,27.473118279569892,27.473118279569892
258,Ituiutaba-A512,3.2661290322580645,3.2661290322580645,3.1854838709677415,3.2661290322580645,3.2661290322580645,3.1854838709677415,3.1854838709677415
259,Ouro Branco-A513,4.220430107526882,4.220430107526882,4.193548387096775,4.220430107526882,4.220430107526882,4.193548387096775,10.268817204301076
260,São João del Rei-A514,21.68010752688172,21.68010752688172,21.68010752688172,21.68010752688172,21.68010752688172,21.68010752688172,21.68010752688172
261,Varginha-A515,0.04032258064516129,0.04032258064516129,0.04032258064516129,0.04032258064516129,0.04032258064516129,0.04032258064516129,0.04032258064516129
262,Passos-A516,0.5913978494623656,0.5913978494623656,0.5913978494623656,0.5913978494623656,0.5913978494623656,0.5913978494623656,10.591397849462366
263,Muriaé-A517,2.836021505376344,2.836021505376344,2.836021505376344,2.836021505376344,2.836021505376344,2.836021505376344,2.836021505376344
264,Juiz de Fora-A518,0.9109916367980885,0.9109916367980885,0.9109916367980885,0.9109916367980885,0.9109916367980885,0.9109916367980885,0.9109916367980885
265,Campina Verde-A519,0.7661290322580645,0.7661290322580645,0.7526881720430108,1.7876344086021505,1.7876344086021505,1.6935483870967745,0.7526881720430108
266,Conceição das Alagoas-A520,12.88978494623656,12.88978494623656,12.8494623655914,12.88978494623656,12.88978494623656,12.8494623655914,21.747311827956988
267,Belo Horizonte - Pampulha-A521,1.653225806451613,1.653225806451613,1.6397849462365592,1.653225806451613,1.653225806451613,1.6397849462365592,1.7876344086021505
268,Serra dos Aimorés-A522,11.478494623655914,11.478494623655914,11.478494623655914,11.478494623655914,11.478494623655914,11.478494623655914,11.478494623655914
269,Patrocíonio-A523,4.825268817204301,4.825268817204301,4.811827956989247,4.825268817204301,4.825268817204301,4.811827956989247,4.811827956989247
270,Formiga-A524,0.10752688172043011,0.10752688172043011,0.10752688172043011,0.10752688172043011,0.10752688172043011,0.10752688172043011,0.10752688172043011
271,Sacramento-A525,11.478494623655914,11.478494623655914,11.451612903225806,11.478494623655914,11.478494623655914,11.451612903225806,11.451612903225806
272,Montalvânia-A526,0.2688172043010753,0.2688172043010753,0.2688172043010753,0.2688172043010753,0.2688172043010753,0.2688172043010753,0.2688172043010753
273,Teófilo Otoni-A527,2.594086021505376,2.594086021505376,2.594086021505376,2.594086021505376,2.594086021505376,2.594086021505376,2.594086021505376
274,Três Marias-A528,0.053763440860215055,0.053763440860215055,0.053763440860215055,0.053763440860215055,0.053763440860215055,0.053763440860215055,0.5510752688172043
275,Passa Quatro-A529,27.12066905615293,27.12066905615293,27.045997610513737,27.12066905615293,27.12066905615293,27.045997610513737,29.420549581839907
276,Caldas-A530,2.446236559139785,2.446236559139785,2.446236559139785,2.446236559139785,2.446236559139785,2.446236559139785,2.459677419354839
277,Maria da Fé-A531,3.306451612903226,3.306451612903226,3.306451612903226,3.306451612903226,3.306451612903226,3.306451612903226,3.494623655913978
278,Governador Valadares-A532,13.201911589008365,13.201911589008365,13.112305854241338,13.201911589008365,13.201911589008365,13.112305854241338,13.067502986857827
279,Guanhães-A533,0.2688172043010753,0.2688172043010753,0.2688172043010753,0.2688172043010753,0.2688172043010753,0.2688172043010753,0.2688172043010753
280,Aimorés-A534,0.07467144563918758,0.07467144563918758,0.07467144563918758,0.07467144563918758,0.07467144563918758,0.07467144563918758,11.185782556750299
281,Florestal-A535,0.08400537634408602,0.08400537634408602,0.08400537634408602,0.08400537634408602,0.08400537634408602,0.08400537634408602,0.08400537634408602
282,Dores do Indaiá-A536,5.465949820788531,5.465949820788531,5.346475507765831,5.465949820788531,5.465949820788531,5.346475507765831,5.346475507765831
283,Diamantina-A537,0.08960573476702509,0.08960573476702509,0.08960573476702509,0.08960573476702509,0.08960573476702509,0.08960573476702509,0.08960573476702509
284,Curvelo-A538,1.1693548387096775,1.1693548387096775,1.1693548387096775,1.1693548387096775,1.1693548387096775,1.1693548387096775,1.1693548387096775
285,Mocambinho-A539,4.584826762246117,4.584826762246117,4.525089605734767,4.584826762246117,4.584826762246117,4.525089605734767,5.241935483870968
286,Mantena-A540,0.07467144563918758,0.07467144563918758,0.07467144563918758,0.07467144563918758,0.07467144563918758,0.07467144563918758,0.07467144563918758
287,Capelinha-A541,0.05973715651135006,0.05973715651135006,0.05973715651135006,0.05973715651135006,0.05973715651135006,0.05973715651135006,0.05973715651135006
288,Unaí-A542,17.682198327359618,17.682198327359618,17.65232974910394,17.682198327359618,17.682198327359618,17.65232974910394,17.65232974910394
289,Espinosa-A543,0.014934289127837515,0.014934289127837515,0.014934289127837515,0.014934289127837515,0.014934289127837515,0.014934289127837515,0.02986857825567503
290,Buritis-A544,11.768219832735962,11.768219832735962,11.140979689366787,11.768219832735962,11.768219832735962,11.140979689366787,11.140979689366787
291,Pirapora-A545,6.332138590203106,6.332138590203106,6.332138590203106,6.332138590203106,6.332138590203106,6.332138590203106,6.332138590203106
292,Guarda-Mor-A546,11.155913978494624,11.155913978494624,11.155913978494624,11.155913978494624,11.155913978494624,11.155913978494624,13.261648745519713
293,São Romão-A547,2.1356033452807646,1.8070489844683395,1.9862604540023896,1.1947431302270013,1.1947431302270013,1.1947431302270013,1.1947431302270013
294,Chapada Gaúcha-A548,9.169653524492235,9.169653524492235,9.13978494623656,9.169653524492235,9.169653524492235,9.13978494623656,9.13978494623656
295,Águas Vermelhas-A549,2.0161290322580645,2.0161290322580645,2.0161290322580645,2.0161290322580645,2.0161290322580645,2.0161290322580645,2.0161290322580645
296,Itaobim-A550,9.61768219832736,9.61768219832736,9.587813620071685,9.61768219832736,9.61768219832736,9.587813620071685,9.587813620071685
297,Rio Pardo de Minas-A551,0.2986857825567503,0.2986857825567503,0.2986857825567503,0.2986857825567503,0.2986857825567503,0.2986857825567503,0.2986857825567503
298,Salinas-A552,6.899641577060931,6.899641577060931,6.810035842293908,6.899641577060931,6.899641577060931,6.810035842293908,6.810035842293908
299,João Pinheiro-A553,10.379330943847073,10.379330943847073,10.289725209080046,10.379330943847073,10.379330943847073,10.289725209080046,10.289725209080046
300,Caratinga-A554,0.05973715651135006,0.05973715651135006,0.05973715651135006,0.08960573476702509,0.08960573476702509,0.1045400238948626,0.05973715651135006
301,Ibirité (Rola Moça)-A555,0.47043010752688175,0.47043010752688175,0.47043010752688175,0.47043010752688175,0.47043010752688175,0.47043010752688175,0.47043010752688175
302,Manhuaçu-A556,3.136200716845878,3.136200716845878,3.0689964157706093,3.136200716845878,3.136200716845878,3.0689964157706093,3.0689964157706093
303,Coronel Pacheco-A557,0.03360215053763441,0.03360215053763441,0.03360215053763441,0.03360215053763441,0.03360215053763441,0.03360215053763441,0.03360215053763441
304,Pompéu-A560,0.0,0.0,0.0,0.0,0.0,0.0,0.0
305,São Sebastião do Paraíso-A561,0.0,0.0,0.0,0.0,0.0,0.0,0.0
306,Belo Horizonte - Cercadinho-F501,23.521505376344088,23.521505376344088,23.476702508960575,23.521505376344088,23.521505376344088,23.476702508960575,23.476702508960575
307,Seropédica - Ecologia Agrícola-A601,10.786290322580646,10.786290322580646,10.744287634408602,10.769489247311828,10.786290322580646,10.744287634408602,10.744287634408602
308,Rio de Janeiro - Marambaia-A602,15.466589861751151,15.466589861751151,15.456989247311828,20.19969278033794,22.935867895545314,23.9247311827957,15.456989247311828
309,Duque de Caxias - Xerém-A603,16.225038402457756,16.225038402457756,16.225038402457756,16.225038402457756,16.225038402457756,16.225038402457756,23.377496159754223
310,Cambuci-A604,7.795698924731183,7.795698924731183,7.795698924731183,9.773425499231951,9.773425499231951,9.715821812596007,7.795698924731183
311,Arraial do Cabo-A606,0.24193548387096775,0.24193548387096775,0.24193548387096775,19.6505376344086,22.28494623655914,21.89516129032258,0.24193548387096775
312,Campos dos Goytacazes-A607,7.00268817204301,7.00268817204301,6.948924731182796,7.00268817204301,7.00268817204301,6.948924731182796,6.948924731182796
313,Macaé-A608,0.04032258064516129,0.04032258064516129,0.04032258064516129,0.10752688172043011,0.10752688172043011,0.09408602150537634,0.04032258064516129
314,Resende-A609,20.04032258064516,20.04032258064516,20.04032258064516,20.04032258064516,20.04032258064516,20.04032258064516,20.04032258064516
315,Petrópolis - Pico do Couto-A610,29.852150537634408,29.852150537634408,29.838709677419356,30.927419354838708,30.927419354838708,30.900537634408604,29.838709677419356
316,Valença-A611,3.225806451612903,3.225806451612903,3.225806451612903,6.505376344086021,6.518817204301075,6.290322580645161,3.225806451612903
317,Teresópolis - Parque Nacional-A618,0.7258064516129032,0.7258064516129032,0.7258064516129032,0.7258064516129032,0.7258064516129032,0.7258064516129032,0.7258064516129032
318,Paraty-A619,11.586021505376344,11.586021505376344,11.586021505376344,11.586021505376344,11.586021505376344,11.586021505376344,12.21774193548387
319,Campos - São Tomé-A620,10.483870967741936,10.483870967741936,10.349462365591398,10.483870967741936,10.483870967741936,10.349462365591398,12.516801075268818
320,Rio de Janeiro - Vila Militar-A621,8.139187574671446,8.139187574671446,8.154121863799284,8.139187574671446,8.139187574671446,8.139187574671446,8.139187574671446
321,Nova Friburgo-Salinas-A624,0.022401433691756272,0.022401433691756272,0.022401433691756272,2.2625448028673834,3.8978494623655915,3.584229390681003,0.022401433691756272
322,Rio de Janeiro - Forte de Copacabana-A652,0.08960573476702509,0.08960573476702509,0.08960573476702509,0.08960573476702509,0.08960573476702509,0.08960573476702509,0.11947431302270012
323,Três Rios-A625,100.0,100.0,100.0,100.0,100.0,100.0,100.0
324,Silva Jardim-A659,0.0,0.0,0.0,0.0,0.0,0.0,0.0
325,Saquarema - Sampaio Correia-A667,0.0,0.0,0.0,0.0,0.0,0.0,0.0
326,São Paulo (Mirante de Santana)-A701,19.13345983554712,18.73023402909551,19.884566729917776,20.65148640101202,21.133776091081593,20.983554712207464,23.2764073371284
327,Bauru-A705,9.587813620071685,9.587813620071685,9.578853046594983,12.939068100358423,12.939068100358423,12.831541218637993,9.587813620071685
328,Campos do Jordão-A706,35.74308755760369,35.74308755760369,35.74308755760369,38.805683563748076,38.805683563748076,38.64247311827957,35.74308755760369
329,Presidente Prudente-A707,10.938792390405293,10.938792390405293,10.938792390405293,10.938792390405293,10.938792390405293,10.938792390405293,10.938792390405293
330,Franca-A708,7.334869431643626,7.4308755760368665,7.373271889400922,7.334869431643626,7.334869431643626,7.334869431643626,14.477726574500767
331,São Carlos-A711,18.413978494623656,18.413978494623656,18.413978494623656,17.661290322580644,17.661290322580644,18.413978494623656,17.647849462365592
332,Iguape-A712,12.163978494623656,12.163978494623656,12.163978494623656,12.163978494623656,12.163978494623656,12.163978494623656,12.163978494623656
333,Sorocaba-A713,3.1720430107526885,3.1720430107526885,3.1720430107526885,3.1720430107526885,3.1720430107526885,3.1720430107526885,3.1720430107526885
334,Itapeva-A714,11.196236559139786,11.196236559139786,11.196236559139786,11.196236559139786,11.196236559139786,11.196236559139786,11.196236559139786
335,São Miguel Arcanjo-A715,11.706989247311828,11.706989247311828,11.706989247311828,11.706989247311828,11.706989247311828,11.706989247311828,11.706989247311828
336,Ourinhos-A716,3.413978494623656,3.413978494623656,3.413978494623656,3.413978494623656,3.413978494623656,3.413978494623656,3.413978494623656
337,Rancharia-A718,11.693548387096774,11.693548387096774,11.693548387096774,11.693548387096774,11.693548387096774,11.693548387096774,11.693548387096774
338,Avaré-A725,5.295698924731183,5.295698924731183,5.295698924731183,5.295698924731183,5.295698924731183,5.295698924731183,5.295698924731183
339,Piracicaba-A726,1.4516129032258065,1.4516129032258065,1.4516129032258065,4.623655913978494,4.623655913978494,4.448924731182795,1.4516129032258065
340,Lins-A727,1.25,1.25,1.25,1.25,1.25,1.25,11.25
341,Taubaté-A728,16.572580645161292,16.572580645161292,16.276881720430108,16.572580645161292,16.572580645161292,16.276881720430108,16.276881720430108
342,Votuporanga-A729,10.06720430107527,10.06720430107527,10.06720430107527,12.876344086021504,15.107526881720428,14.596774193548386,10.06720430107527
343,Jales-A733,1.597968936678614,1.597968936678614,1.597968936678614,1.597968936678614,1.597968936678614,1.597968936678614,1.597968936678614
344,Valparaiso-A734,4.465352449223417,4.465352449223417,4.271206690561529,4.465352449223417,4.465352449223417,4.271206690561529,4.271206690561529
345,José Bonifácio-A735,0.07467144563918758,0.07467144563918758,0.07467144563918758,0.08960573476702509,0.7317801672640383,0.5227001194743129,0.07467144563918758
346,Ariranha-A736,6.645758661887694,6.645758661887694,6.645758661887694,6.645758661887694,6.645758661887694,6.645758661887694,6.645758661887694
347,Ibitinga-A737,10.902031063321386,10.902031063321386,10.902031063321386,14.695340501792115,14.695340501792115,14.516129032258066,10.902031063321386
348,Casa Branca-A738,8.094384707287933,8.094384707287933,7.974910394265233,8.094384707287933,8.094384707287933,7.974910394265233,7.974910394265233
349,Itapira-A739,6.451612903225806,6.451612903225806,6.406810035842294,6.451612903225806,6.451612903225806,6.4366786140979695,6.4366786140979695
350,São Luis do Paraitinga-A740,6.347072879330944,6.347072879330944,6.332138590203106,6.347072879330944,6.347072879330944,6.332138590203106,6.332138590203106
351,Barra Bonita-A741,0.16801075268817203,0.16801075268817203,0.16801075268817203,0.16801075268817203,0.16801075268817203,0.16801075268817203,0.16801075268817203
352,Barra do Turvo-A746,24.563172043010752,24.563172043010752,24.563172043010752,24.563172043010752,24.563172043010752,24.563172043010752,37.06317204301075
353,Pradópolis-A747,0.35282258064516125,0.35282258064516125,0.35282258064516125,0.35282258064516125,0.35282258064516125,0.35282258064516125,0.35282258064516125
354,Barretos-A748,0.022401433691756272,0.022401433691756272,0.022401433691756272,0.022401433691756272,0.022401433691756272,0.022401433691756272,0.022401433691756272
355,Ituverava-A753,6.115591397849462,6.115591397849462,6.115591397849462,6.115591397849462,6.115591397849462,6.115591397849462,6.115591397849462
356,Baruerí-A755,0.026881720430107527,0.026881720430107527,0.026881720430107527,0.053763440860215055,0.053763440860215055,0.026881720430107527,0.053763440860215055
357,Maceió-A303,15.98428453267163,15.98428453267163,15.98428453267163,15.98428453267163,15.98428453267163,15.98428453267163,15.98428453267163
358,Pão de Açucar-A323,15.725806451612904,15.725806451612904,15.725806451612904,15.97968936678614,15.97968936678614,15.934886499402628,15.725806451612904
359,Palmeira dos Índios-A327,7.034050179211469,7.034050179211469,7.0041816009557945,7.332735961768219,7.959976105137395,7.586618876941458,7.0041816009557945
360,Arapiraca-A353,0.06720430107526883,0.06720430107526883,0.06720430107526883,4.989919354838709,4.989919354838709,4.771505376344086,0.11760752688172044
361,Coruripe-A355,3.7130376344086025,3.7130376344086025,3.595430107526882,3.7130376344086025,3.7130376344086025,3.595430107526882,16.09543010752688
362,São Luis do Quitunde-A356,0.08400537634408602,0.08400537634408602,0.08400537634408602,0.08400537634408602,0.08400537634408602,0.08400537634408602,0.08400537634408602
363,Salvador-A401,19.90087365591398,19.90087365591398,19.867271505376344,22.530241935483872,22.530241935483872,22.505040322580644,19.867271505376344
364,Barreiras-A402,33.00179211469534,33.00179211469534,33.00179211469534,32.992831541218635,33.00179211469534,33.00179211469534,26.353046594982075
365,Luis Eduardo Magalhaes-A404,26.315284178187405,26.315284178187405,26.248079877112136,26.30568356374808,26.33448540706605,26.25768049155146,26.248079877112136
366,Caravelas-A405,12.12557603686636,12.12557603686636,12.12557603686636,14.535330261136714,14.535330261136714,14.48732718894009,25.88325652841782
367,Cruz das Almas-A406,15.67508012820513,15.67508012820513,15.645032051282051,15.67508012820513,15.67508012820513,15.645032051282051,15.645032051282051
368,Itiruçu-A407,8.436724565756824,8.436724565756824,8.436724565756824,8.436724565756824,8.436724565756824,8.436724565756824,8.436724565756824
369,Itaberaba-A408,0.6670771756978653,0.6670771756978653,0.6568144499178982,0.7491789819376027,0.7491789819376027,0.7286535303776683,0.6568144499178982
370,Ilhéus-A410,25.569105691056908,25.569105691056908,25.528455284552848,27.764227642276424,27.764227642276424,27.682926829268297,34.92886178861789
371,Paulo Afonso-A411,17.111248966087675,17.111248966087675,17.111248966087675,17.111248966087675,17.111248966087675,17.111248966087675,24.80355665839537
372,Macajuba-A412,9.201819685690653,9.201819685690653,9.191480562448303,9.377584780810587,9.377584780810587,9.387923904052936,9.191480562448303
373,Feira de Santana-A413,3.106332138590203,3.106332138590203,3.0167264038231782,3.106332138590203,3.106332138590203,3.0167264038231782,3.0167264038231782
374,Vitória da Conquista-A414,11.170848267622462,11.170848267622462,11.170848267622462,11.170848267622462,11.170848267622462,11.170848267622462,11.170848267622462
375,Santa Rita de Cássia-A415,2.1804062126642774,2.1804062126642774,2.1804062126642774,2.2998805256869774,2.2998805256869774,2.2700119474313025,2.1804062126642774
376,Correntina-A416,9.154719235364396,9.154719235364396,9.154719235364396,14.545997610513739,14.545997610513739,14.157706093189965,20.265830346475507
377,Bom Jesus da Lapa-A418,17.174432497013143,17.174432497013143,17.06989247311828,20.997610513739545,20.997610513739545,20.66905615292712,17.06989247311828
378,Abrolhos-A422,1.2600806451612903,1.2600806451612903,1.2600806451612903,1.2600806451612903,1.2600806451612903,1.2600806451612903,1.2600806451612903
379,Remanso-A423,0.06720430107526883,0.06720430107526883,0.06720430107526883,0.15120967741935484,0.15120967741935484,0.13440860215053765,0.06720430107526883
380,Irecê-A424,0.10080645161290322,0.10080645161290322,0.10080645161290322,2.5873655913978495,2.5873655913978495,2.5033602150537635,0.10080645161290322
381,Lençóis-A425,1.0920698924731183,1.0920698924731183,1.0920698924731183,1.0920698924731183,1.0920698924731183,1.0920698924731183,1.0920698924731183
382,Guanambi-A426,12.348790322580646,12.348790322580646,12.281586021505376,12.348790322580646,12.348790322580646,12.281586021505376,12.281586021505376
383,Porto Seguro-A427,0.2856182795698925,0.2856182795698925,0.2856182795698925,0.2856182795698925,0.2856182795698925,0.2856182795698925,0.2856182795698925
384,Senhor do Bonfim-A428,6.703629032258064,6.703629032258064,6.703629032258064,6.703629032258064,6.703629032258064,6.703629032258064,6.703629032258064
385,Barra-A429,0.13440860215053765,0.13440860215053765,0.13440860215053765,0.13440860215053765,0.13440860215053765,0.13440860215053765,0.13440860215053765
386,Piatã-A430,0.48723118279569894,0.48723118279569894,0.3696236559139785,0.48723118279569894,0.48723118279569894,0.3696236559139785,12.550403225806454
387,Conde-A431,15.793010752688172,15.793010752688172,15.32258064516129,15.793010752688172,15.793010752688172,15.32258064516129,15.32258064516129
388,Buritirama-A432,25.705645161290324,25.705645161290324,25.672043010752688,27.284946236559136,27.284946236559136,27.100134408602152,25.672043010752688
389,Brumado-A433,0.13440860215053765,0.13440860215053765,0.13440860215053765,0.13440860215053765,0.13440860215053765,0.13440860215053765,0.13440860215053765
390,Amargosa-A434,0.03360215053763441,0.03360215053763441,0.03360215053763441,0.45362903225806456,0.45362903225806456,0.3864247311827957,0.03360215053763441
391,Uauá-A435,1.9993279569892473,1.9993279569892473,1.9993279569892473,1.9993279569892473,1.9993279569892473,1.9993279569892473,14.36491935483871
392,Queimadas-A436,0.06720430107526883,0.06720430107526883,0.06720430107526883,0.08400537634408602,0.08400537634408602,0.08400537634408602,0.06720430107526883
393,Una-A437,0.08400537634408602,0.08400537634408602,0.08400537634408602,0.08400537634408602,0.08400537634408602,0.08400537634408602,0.08400537634408602
394,Maraú-A438,0.05040322580645161,0.05040322580645161,0.05040322580645161,0.05040322580645161,0.05040322580645161,0.05040322580645161,0.05040322580645161
395,Ibotirama-A439,7.442876344086022,7.442876344086022,7.27486559139785,7.442876344086022,7.442876344086022,7.27486559139785,7.27486559139785
396,Jacobina-A440,0.06720430107526883,0.06720430107526883,0.06720430107526883,0.06720430107526883,0.06720430107526883,0.06720430107526883,12.567204301075268
397,Serrinha-A441,0.06720430107526883,0.06720430107526883,0.06720430107526883,0.06720430107526883,0.06720430107526883,0.06720430107526883,12.584005376344088
398,Euclides da Cunha-A442,0.06720430107526883,0.06720430107526883,0.06720430107526883,0.06720430107526883,0.06720430107526883,0.06720430107526883,0.06720430107526883
399,Delfino-A443,0.08400537634408602,0.08400537634408602,0.08400537634408602,0.08400537634408602,0.08400537634408602,0.08400537634408602,0.08400537634408602
400,Valença-A444,0.0576036866359447,0.0576036866359447,0.0576036866359447,0.0576036866359447,0.0576036866359447,0.0576036866359447,0.0576036866359447
401,Ipiaú-A445,0.0576036866359447,0.0576036866359447,0.0576036866359447,0.0576036866359447,0.0576036866359447,0.0576036866359447,14.343317972350231
402,Itapetinga-A446,13.99769585253456,13.99769585253456,13.690476190476192,13.99769585253456,13.99769585253456,13.690476190476192,13.690476190476192
403,Belmonte-A447,0.0576036866359447,0.0576036866359447,0.0576036866359447,0.1728110599078341,0.1728110599078341,0.1152073732718894,0.0576036866359447
404,Curaçá-A448,0.0,0.0,0.0,0.0,0.0,0.0,0.0
405,Jeremoabo-A450,0.0,0.0,0.0,0.0,0.0,0.0,0.0
406,Fortaleza-A305,28.143093465674113,28.143093465674113,28.112076095947064,28.287841191067,28.287841191067,28.194789081885858,28.06038047973532
407,Sobral-A306,22.93217535153019,22.93217535153019,22.880479735318445,18.4656741108354,18.4656741108354,18.413978494623656,21.61910669975186
408,Guaramiranga-A314,3.8082437275985663,3.8082437275985663,3.7783751493428914,3.8082437275985663,3.8082437275985663,3.7783751493428914,3.7783751493428914
409,Barbalha-A315,10.51373954599761,10.51373954599761,10.080645161290322,10.51373954599761,10.51373954599761,10.080645161290322,21.19175627240143
410,Iguatu-A319,28.06152927120669,28.06152927120669,27.9868578255675,28.06152927120669,28.06152927120669,27.9868578255675,27.9868578255675
411,Tauá-A324,1.4038231780167265,1.4038231780167265,1.4038231780167265,1.4038231780167265,1.4038231780167265,1.4038231780167265,1.4038231780167265
412,Quixeramobim-A325,4.09199522102748,4.09199522102748,4.0471923536439665,4.09199522102748,4.09199522102748,4.0471923536439665,15.158303464755077
413,Morada Nova-A332,10.75268817204301,10.75268817204301,10.439068100358423,19.802867383512545,19.802867383512545,19.47431302270012,10.439068100358423
414,Jaguaruana-A339,6.899641577060931,6.899641577060931,6.735364396654719,6.899641577060931,6.899641577060931,6.735364396654719,6.735364396654719
415,Crateús-A342,4.435483870967742,4.435483870967742,4.368279569892473,4.435483870967742,4.435483870967742,4.368279569892473,4.368279569892473
416,Campos Sales-A347,12.936827956989246,12.936827956989246,12.920026881720432,12.936827956989246,12.936827956989246,12.920026881720432,12.953629032258066
417,Jaguaribe-A358,1.8145161290322582,1.8145161290322582,1.797715053763441,1.8145161290322582,1.8145161290322582,1.797715053763441,1.797715053763441
418,Itapipoca-A359,7.241263440860216,7.241263440860216,7.224462365591398,7.241263440860216,7.241263440860216,7.224462365591398,7.224462365591398
419,Acaraú-A360,0.1728110599078341,0.1728110599078341,0.1728110599078341,0.1728110599078341,0.1728110599078341,0.1728110599078341,0.1728110599078341
420,São Luís-A203,14.398604269293925,14.398604269293925,13.967569786535302,14.398604269293925,14.398604269293925,13.967569786535302,21.561986863711002
421,Balsas-A204,44.44444444444444,44.44444444444444,44.44444444444444,44.44444444444444,44.44444444444444,44.44444444444444,44.44444444444444
422,Carolina-A205,19.578853046594983,19.578853046594983,19.444444444444446,19.578853046594983,19.578853046594983,19.444444444444446,19.444444444444446
423,Chapadinha-A206,0.25201612903225806,0.25201612903225806,0.23521505376344087,0.25201612903225806,0.25201612903225806,0.23521505376344087,0.23521505376344087
424,Grajaú-A207,24.932795698924732,24.932795698924732,24.915994623655912,25.033602150537636,25.033602150537636,25.01680107526882,24.915994623655912
425,Farol Santana-A217,24.596774193548388,24.596774193548388,24.579973118279568,24.63037634408602,24.63037634408602,24.613575268817204,24.579973118279568
426,Farol Preguiças-A218,8.60215053763441,8.60215053763441,8.53494623655914,8.60215053763441,8.60215053763441,8.53494623655914,8.53494623655914
427,Turiaçu-A219,12.584005376344088,12.584005376344088,12.584005376344088,13.34005376344086,13.592069892473118,13.541666666666666,12.584005376344088
428,Bacabal-A220,14.60013440860215,14.616935483870968,14.012096774193546,29.351478494623656,29.351478494623656,28.091397849462364,27.973790322580644
429,Barra do Corda-A221,0.05040322580645161,0.05040322580645161,0.05040322580645161,0.05040322580645161,0.05040322580645161,0.05040322580645161,0.06720430107526883
430,Colinas-A222,12.600806451612904,12.600806451612904,12.600806451612904,12.600806451612904,12.600806451612904,12.600806451612904,12.600806451612904
431,Alto Parnaíba-A223,0.10080645161290322,0.10080645161290322,0.10080645161290322,0.10080645161290322,0.10080645161290322,0.10080645161290322,0.10080645161290322
432,Estreito-A224,9.19018817204301,9.19018817204301,8.95497311827957,11.525537634408602,11.525537634408602,11.05510752688172,33.921370967741936
433,Imperatriz-A225,0.0,0.0,0.0,0.0,0.0,0.0,12.533602150537634
434,Caxias-A237,10.131048387096774,10.131048387096774,10.080645161290322,10.131048387096774,10.131048387096774,10.080645161290322,12.584005376344088
435,Buriticupu-A238,0.06720430107526883,0.06720430107526883,0.06720430107526883,0.06720430107526883,0.06720430107526883,0.06720430107526883,12.567204301075268
436,Areia-A310,4.26747311827957,4.26747311827957,4.26747311827957,5.006720430107527,5.006720430107527,5.017921146953405,4.26747311827957
437,Campina Grande-A313,9.18010752688172,9.18010752688172,9.112903225806452,9.18010752688172,9.18010752688172,9.112903225806452,9.112903225806452
438,João Pessoa-A320,0.5973715651135006,0.5973715651135006,0.4629629629629629,0.5973715651135006,0.5973715651135006,0.4629629629629629,0.4629629629629629
439,Patos-A321,8.632019115890085,8.632019115890085,8.572281959378733,8.676821983273596,8.676821983273596,8.60215053763441,8.572281959378733
440,São Gonçalo-A333,15.875149342891278,15.875149342891278,15.531660692951016,15.875149342891278,15.875149342891278,15.531660692951016,15.531660692951016
441,Monteiro-A334,6.91457586618877,6.91457586618877,6.660692951015531,18.02568697729988,18.02568697729988,17.77180406212664,6.660692951015531
442,Cabaceiras-A348,10.080645161290322,10.080645161290322,9.862231182795698,10.080645161290322,10.080645161290322,9.862231182795698,9.862231182795698
443,Camaratuba-A352,0.5544354838709677,0.5544354838709677,13.004032258064516,0.5376344086021506,0.5376344086021506,0.5376344086021506,0.5376344086021506
444,Recife-A301,5.701164874551972,5.701164874551972,5.656362007168459,11.312724014336919,11.783154121863799,11.72715053763441,5.656362007168459
445,Petrolina-A307,0.8374689826302729,0.8374689826302729,0.8374689826302729,0.8374689826302729,0.8374689826302729,0.8374689826302729,0.8374689826302729
446,Arco Verde-A309,4.032258064516129,4.032258064516129,4.032258064516129,4.032258064516129,4.043458781362007,4.032258064516129,4.032258064516129
447,Garanhuns-A322,0.07467144563918758,0.07467144563918758,0.07467144563918758,0.07467144563918758,0.07467144563918758,0.07467144563918758,0.07467144563918758
448,Surubim-A328,1.5625,1.5625,1.4448924731182795,1.5625,1.5625,1.4448924731182795,1.4448924731182795
449,Cabrobó-A329,0.044802867383512544,0.044802867383512544,0.044802867383512544,0.044802867383512544,0.044802867383512544,0.044802867383512544,0.044802867383512544
450,Caruaru-A341,4.778972520908005,4.778972520908005,4.62962962962963,5.809438470728794,5.809438470728794,5.570489844683394,4.62962962962963
451,Ibimirim-A349,0.06720430107526883,0.06720430107526883,0.06720430107526883,0.23521505376344087,1.7137096774193548,1.1760752688172043,0.06720430107526883
452,Serra Talhada-A350,10.047043010752688,10.047043010752688,9.694220430107526,10.047043010752688,10.047043010752688,9.694220430107526,9.711021505376344
453,Floresta-A351,2.7553763440860215,2.7553763440860215,2.70497311827957,2.940188172043011,2.940188172043011,2.8561827956989245,2.70497311827957
454,Palmares-A357,0.05040322580645161,0.05040322580645161,0.05040322580645161,0.05040322580645161,0.05040322580645161,0.05040322580645161,0.05040322580645161
455,Ouricuri-A366,23.9247311827957,23.9247311827957,23.790322580645164,23.9247311827957,23.9247311827957,23.790322580645164,33.310931899641574
456,Parnaíba-A308,28.701406120760957,28.701406120760957,28.608354011579817,36.693548387096776,36.693548387096776,36.424731182795696,28.59801488833747
457,Floriano-A311,2.240143369175627,2.240143369175627,2.217741935483871,2.240143369175627,2.240143369175627,2.217741935483871,27.21774193548387
458,Teresina-A312,29.54749103942652,29.54749103942652,29.155465949820787,29.54749103942652,29.54749103942652,29.155465949820787,37.48879928315412
459,Bom Jesus do Piauí-A326,4.062126642771804,4.062126642771804,4.062126642771804,4.256272401433692,4.256272401433692,4.226403823178017,4.062126642771804
460,Paulistana-A330,12.126642771804063,12.126642771804063,11.977299880525687,12.126642771804063,12.126642771804063,11.977299880525687,23.0884109916368
461,São João do Piauí-A331,0.044802867383512544,0.044802867383512544,0.044802867383512544,0.044802867383512544,0.044802867383512544,0.044802867383512544,22.267025089605735
462,Piripiri-A335,17.30884109916368,17.30884109916368,16.95041816009558,17.458183990442055,17.458183990442055,17.025089605734767,16.95041816009558
463,Alvorada do Gurguéia-A336,12.425328554360812,12.425328554360812,12.335722819593787,12.425328554360812,12.425328554360812,12.335722819593787,23.446833930704898
464,Caracol-A337,23.954599761051373,23.954599761051373,23.55137395459976,23.954599761051373,23.954599761051373,23.55137395459976,34.662485065710875
465,Esperantina-A338,1.3440860215053763,1.3440860215053763,1.3291517323775388,7.332735961768219,7.332735961768219,6.989247311827956,1.3291517323775388
466,Picos-A343,19.153225806451612,19.153225806451612,19.11962365591398,20.094086021505376,20.094086021505376,20.010080645161292,19.11962365591398
467,São Raimundo Nonato-A345,7.8125,7.8125,7.627688172043011,7.8125,7.8125,7.627688172043011,32.61088709677419
468,Uruçui-A346,0.06720430107526883,0.06720430107526883,0.06720430107526883,12.214381720430108,12.533602150537634,12.449596774193548,0.06720430107526883
469,Oeiras-A354,0.06720430107526883,0.06720430107526883,0.06720430107526883,0.06720430107526883,0.06720430107526883,0.06720430107526883,0.06720430107526883
470,Castelo do Piauí-A361,0.0576036866359447,0.0576036866359447,0.0576036866359447,0.0576036866359447,0.0576036866359447,0.0576036866359447,0.0576036866359447
471,São Pedro do Piaui-A362,0.0576036866359447,0.0576036866359447,0.0576036866359447,0.0576036866359447,0.0576036866359447,0.0576036866359447,14.343317972350231
472,Valença do Piauí-A363,6.451612903225806,6.451612903225806,6.451612903225806,6.451612903225806,6.451612903225806,6.451612903225806,6.451612903225806
473,Gilbués-A364,12.59600614439324,12.59600614439324,12.5,12.59600614439324,12.59600614439324,12.5,12.5
474,Canto do Buriti-A365,2.1953405017921144,2.1953405017921144,2.128136200716846,2.46415770609319,2.46415770609319,2.3969534050179213,2.128136200716846
475,Natal-A304,26.519851116625308,26.519851116625308,26.519851116625308,26.519851116625308,26.519851116625308,26.519851116625308,26.519851116625308
476,Caicó-A316,10.238486842105262,10.238486842105262,10.238486842105262,10.238486842105262,10.238486842105262,10.238486842105262,10.238486842105262
477,Macau-A317,16.830601092896174,16.830601092896174,16.666666666666664,27.56830601092896,28.292349726775956,27.581967213114755,16.666666666666664
478,Mossoró-A318,11.499402628434886,11.499402628434886,11.454599761051373,11.499402628434886,11.499402628434886,11.454599761051373,15.621266427718043
479,Apodi-A340,0.07467144563918758,0.07467144563918758,0.07467144563918758,2.4940262843488648,3.136200716845878,3.0316606929510157,0.07467144563918758
480,Calcanhar-A344,30.628360215053764,30.628360215053764,30.325940860215056,55.409946236559136,55.62836021505376,55.32594086021505,30.325940860215056
481,Santa Cruz-A367,0.022401433691756272,0.022401433691756272,0.022401433691756272,0.022401433691756272,0.022401433691756272,0.022401433691756272,16.689068100358423
482,Aracaju-A409,8.312655086848634,8.312655086848634,8.312655086848634,18.744830438378827,20.20264681555004,19.43755169561621,8.312655086848634
483,Itabaianinha-A417,0.14934289127837516,0.14934289127837516,0.14934289127837516,0.14934289127837516,0.14934289127837516,0.14934289127837516,0.14934289127837516
484,Poço Verde-A419,0.08400537634408602,0.08400537634408602,0.08400537634408602,0.08400537634408602,0.08400537634408602,0.08400537634408602,0.08400537634408602
485,Carira-A420,7.627688172043011,7.627688172043011,7.627688172043011,9.324596774193548,9.324596774193548,9.324596774193548,7.627688172043011
486,Brejo Grande-A421,12.550403225806454,12.550403225806454,12.550403225806454,12.550403225806454,12.550403225806454,12.550403225806454,12.550403225806454
